site,date_time,wk_mean,wk_max,wk_min
ibutton_111_284273_31May2023.csv,2021-09-19T00:00:00Z,16.75,21,12.5
ibutton_111_284273_31May2023.csv,2021-09-26T00:00:00Z,7.380952380952381,19.5,-5
ibutton_111_284273_31May2023.csv,2021-10-03T00:00:00Z,6.964285714285714,18.5,-1.5
ibutton_111_284273_31May2023.csv,2021-10-10T00:00:00Z,1.2261904761904763,15.5,-8
ibutton_111_284273_31May2023.csv,2021-10-17T00:00:00Z,2.0238095238095237,9.5,-3.5
ibutton_111_284273_31May2023.csv,2021-10-24T00:00:00Z,2.1785714285714284,11.5,-3
ibutton_111_284273_31May2023.csv,2021-10-31T00:00:00Z,2.488095238095238,10.5,-3
ibutton_111_284273_31May2023.csv,2021-11-07T00:00:00Z,1.627906976744186,11.5,-7.5
ibutton_111_284273_31May2023.csv,2021-11-14T00:00:00Z,1.7738095238095237,12.5,-5.5
ibutton_111_284273_31May2023.csv,2021-11-21T00:00:00Z,2.2142857142857144,9.5,-8.5
ibutton_111_284273_31May2023.csv,2021-11-28T00:00:00Z,6.535714285714286,12,2
ibutton_111_284273_31May2023.csv,2021-12-05T00:00:00Z,-2.238095238095238,5.5,-9
ibutton_111_284273_31May2023.csv,2021-12-12T00:00:00Z,-6.154761904761905,1.5,-12.5
ibutton_111_284273_31May2023.csv,2021-12-19T00:00:00Z,-2.9642857142857144,3,-10.5
ibutton_111_284273_31May2023.csv,2021-12-26T00:00:00Z,-10.476190476190476,-6.5,-16.5
ibutton_111_284273_31May2023.csv,2022-01-02T00:00:00Z,-4.119047619047619,0,-9
ibutton_111_284273_31May2023.csv,2022-01-09T00:00:00Z,0.6785714285714286,9.5,-7.5
ibutton_111_284273_31May2023.csv,2022-01-16T00:00:00Z,-0.023809523809523808,7.5,-5.5
ibutton_111_284273_31May2023.csv,2022-01-23T00:00:00Z,1.0119047619047619,7,-4.5
ibutton_111_284273_31May2023.csv,2022-01-30T00:00:00Z,-3.5476190476190474,5,-12.5
ibutton_111_284273_31May2023.csv,2022-02-06T00:00:00Z,4.071428571428571,9,0.5
ibutton_111_284273_31May2023.csv,2022-02-13T00:00:00Z,-1.0476190476190477,8,-10
ibutton_111_284273_31May2023.csv,2022-02-20T00:00:00Z,-8.30952380952381,4.5,-18
ibutton_111_284273_31May2023.csv,2022-02-27T00:00:00Z,0.10714285714285714,9,-9
ibutton_111_284273_31May2023.csv,2022-03-06T00:00:00Z,-3.5952380952380953,6,-14.5
ibutton_111_284273_31May2023.csv,2022-03-13T00:00:00Z,-0.9390243902439024,7,-6.5
ibutton_111_284273_31May2023.csv,2022-03-20T00:00:00Z,3.5595238095238093,12,-10.5
ibutton_111_284273_31May2023.csv,2022-03-27T00:00:00Z,1.7738095238095237,9,-4.5
ibutton_111_284273_31May2023.csv,2022-04-03T00:00:00Z,2.642857142857143,17,-8
ibutton_111_284273_31May2023.csv,2022-04-10T00:00:00Z,-5.380952380952381,1,-11.5
ibutton_111_284273_31May2023.csv,2022-04-17T00:00:00Z,-1.2976190476190477,5.5,-5
ibutton_111_284273_31May2023.csv,2022-04-24T00:00:00Z,1.9047619047619047,9.5,-6.5
ibutton_111_284273_31May2023.csv,2022-05-01T00:00:00Z,2.119047619047619,16.5,-7
ibutton_111_284273_31May2023.csv,2022-05-08T00:00:00Z,-2.0595238095238093,14,-10
ibutton_111_284273_31May2023.csv,2022-05-15T00:00:00Z,6.7976190476190474,16,-6
ibutton_111_284273_31May2023.csv,2022-05-22T00:00:00Z,8.702380952380953,21,1.5
ibutton_111_284273_31May2023.csv,2022-05-29T00:00:00Z,5.488095238095238,17,-4
ibutton_111_284273_31May2023.csv,2022-06-05T00:00:00Z,11.44047619047619,21,3.5
ibutton_111_284273_31May2023.csv,2022-06-12T00:00:00Z,6.059523809523809,20.5,-2.5
ibutton_111_284273_31May2023.csv,2022-06-19T00:00:00Z,12.642857142857142,25,-0.5
ibutton_111_284273_31May2023.csv,2022-06-26T00:00:00Z,15.833333333333334,26,8.5
ibutton_111_284273_31May2023.csv,2022-07-03T00:00:00Z,11.845238095238095,22,5
ibutton_111_284273_31May2023.csv,2022-07-10T00:00:00Z,18.416666666666668,28,9
ibutton_111_284273_31May2023.csv,2022-07-17T00:00:00Z,18.38095238095238,27,11
ibutton_111_284273_31May2023.csv,2022-07-24T00:00:00Z,22.988095238095237,29.5,16
ibutton_111_284273_31May2023.csv,2022-07-31T00:00:00Z,18.333333333333332,29.5,11
ibutton_111_284273_31May2023.csv,2022-08-07T00:00:00Z,16.797619047619047,26,10
ibutton_111_284273_31May2023.csv,2022-08-14T00:00:00Z,17.988095238095237,26.5,11.5
ibutton_111_284273_31May2023.csv,2022-08-21T00:00:00Z,17.86904761904762,27,11
ibutton_111_284273_31May2023.csv,2022-08-28T00:00:00Z,19.152173913043477,28,11.5
ibutton_112_2E2D0A_31May2023.csv,2021-09-19T00:00:00Z,15.75,20.5,11
ibutton_112_2E2D0A_31May2023.csv,2021-09-26T00:00:00Z,6.726190476190476,19,-5.5
ibutton_112_2E2D0A_31May2023.csv,2021-10-03T00:00:00Z,6.261904761904762,19,-2
ibutton_112_2E2D0A_31May2023.csv,2021-10-10T00:00:00Z,0.7142857142857143,16.5,-8.5
ibutton_112_2E2D0A_31May2023.csv,2021-10-17T00:00:00Z,1.5952380952380953,9.5,-3.5
ibutton_112_2E2D0A_31May2023.csv,2021-10-24T00:00:00Z,1.9642857142857142,12.5,-3
ibutton_112_2E2D0A_31May2023.csv,2021-10-31T00:00:00Z,2.130952380952381,10.5,-3.5
ibutton_112_2E2D0A_31May2023.csv,2021-11-07T00:00:00Z,1.127906976744186,12.5,-7.5
ibutton_112_2E2D0A_31May2023.csv,2021-11-14T00:00:00Z,1.4642857142857142,13.5,-6.5
ibutton_112_2E2D0A_31May2023.csv,2021-11-21T00:00:00Z,1.9642857142857142,9.5,-8
ibutton_112_2E2D0A_31May2023.csv,2021-11-28T00:00:00Z,6.095238095238095,13.5,1.5
ibutton_112_2E2D0A_31May2023.csv,2021-12-05T00:00:00Z,-2.5357142857142856,6.5,-10.5
ibutton_112_2E2D0A_31May2023.csv,2021-12-12T00:00:00Z,-6.619047619047619,1,-13
ibutton_112_2E2D0A_31May2023.csv,2021-12-19T00:00:00Z,-3.392857142857143,2.5,-11
ibutton_112_2E2D0A_31May2023.csv,2021-12-26T00:00:00Z,-10.630952380952381,-6,-16
ibutton_112_2E2D0A_31May2023.csv,2022-01-02T00:00:00Z,-4.380952380952381,0,-9
ibutton_112_2E2D0A_31May2023.csv,2022-01-09T00:00:00Z,0.6190476190476191,10,-6
ibutton_112_2E2D0A_31May2023.csv,2022-01-16T00:00:00Z,-0.30952380952380953,8.5,-5
ibutton_112_2E2D0A_31May2023.csv,2022-01-23T00:00:00Z,1.4047619047619047,8.5,-4
ibutton_112_2E2D0A_31May2023.csv,2022-01-30T00:00:00Z,-3.369047619047619,6,-13
ibutton_112_2E2D0A_31May2023.csv,2022-02-06T00:00:00Z,4.178571428571429,10.5,-0.5
ibutton_112_2E2D0A_31May2023.csv,2022-02-13T00:00:00Z,-1.3571428571428572,8.5,-10
ibutton_112_2E2D0A_31May2023.csv,2022-02-20T00:00:00Z,-8.869047619047619,3.5,-18
ibutton_112_2E2D0A_31May2023.csv,2022-02-27T00:00:00Z,-0.02380952380952381,8.5,-10
ibutton_112_2E2D0A_31May2023.csv,2022-03-06T00:00:00Z,-3.7976190476190474,6,-14.5
ibutton_112_2E2D0A_31May2023.csv,2022-03-13T00:00:00Z,-1.4024390243902438,7,-7
ibutton_112_2E2D0A_31May2023.csv,2022-03-20T00:00:00Z,3.5714285714285716,12.5,-10.5
ibutton_112_2E2D0A_31May2023.csv,2022-03-27T00:00:00Z,1.4285714285714286,9,-4.5
ibutton_112_2E2D0A_31May2023.csv,2022-04-03T00:00:00Z,1.9642857142857142,17.5,-8.5
ibutton_112_2E2D0A_31May2023.csv,2022-04-10T00:00:00Z,-5.892857142857143,0,-12.5
ibutton_112_2E2D0A_31May2023.csv,2022-04-17T00:00:00Z,-2,6,-6.5
ibutton_112_2E2D0A_31May2023.csv,2022-04-24T00:00:00Z,1.0476190476190477,8.5,-6.5
ibutton_112_2E2D0A_31May2023.csv,2022-05-01T00:00:00Z,1.4761904761904763,15,-7
ibutton_112_2E2D0A_31May2023.csv,2022-05-08T00:00:00Z,-2.8452380952380953,13.5,-11.5
ibutton_112_2E2D0A_31May2023.csv,2022-05-15T00:00:00Z,6.0476190476190474,15,-6.5
ibutton_112_2E2D0A_31May2023.csv,2022-05-22T00:00:00Z,7.7976190476190474,20.5,0.5
ibutton_112_2E2D0A_31May2023.csv,2022-05-29T00:00:00Z,4.988095238095238,17,-4.5
ibutton_112_2E2D0A_31May2023.csv,2022-06-05T00:00:00Z,10.678571428571429,20.5,2.5
ibutton_112_2E2D0A_31May2023.csv,2022-06-12T00:00:00Z,5.333333333333333,19,-3
ibutton_112_2E2D0A_31May2023.csv,2022-06-19T00:00:00Z,12.011904761904763,23,-1
ibutton_112_2E2D0A_31May2023.csv,2022-06-26T00:00:00Z,14.666666666666666,24.5,7
ibutton_112_2E2D0A_31May2023.csv,2022-07-03T00:00:00Z,10.94047619047619,20.5,4
ibutton_112_2E2D0A_31May2023.csv,2022-07-10T00:00:00Z,17.44047619047619,26,8
ibutton_112_2E2D0A_31May2023.csv,2022-07-17T00:00:00Z,17.321428571428573,25,10.5
ibutton_112_2E2D0A_31May2023.csv,2022-07-24T00:00:00Z,21.94047619047619,29,15
ibutton_112_2E2D0A_31May2023.csv,2022-07-31T00:00:00Z,17.11904761904762,28.5,10
ibutton_112_2E2D0A_31May2023.csv,2022-08-07T00:00:00Z,15.833333333333334,26,7.5
ibutton_112_2E2D0A_31May2023.csv,2022-08-14T00:00:00Z,17.083333333333332,25.5,10.5
ibutton_112_2E2D0A_31May2023.csv,2022-08-21T00:00:00Z,16.392857142857142,26,9
ibutton_112_2E2D0A_31May2023.csv,2022-08-28T00:00:00Z,17.67391304347826,27,9.5
ibutton_113_214E2D_31May2023.csv,2021-09-19T00:00:00Z,15.75,19.5,12
ibutton_113_214E2D_31May2023.csv,2021-09-26T00:00:00Z,7.261904761904762,18.5,-5.5
ibutton_113_214E2D_31May2023.csv,2021-10-03T00:00:00Z,6.285714285714286,17.5,-2.5
ibutton_113_214E2D_31May2023.csv,2021-10-10T00:00:00Z,0.8452380952380952,14.5,-9
ibutton_113_214E2D_31May2023.csv,2021-10-17T00:00:00Z,1.1666666666666667,8,-4
ibutton_113_214E2D_31May2023.csv,2021-10-24T00:00:00Z,1.8452380952380953,10.5,-4
ibutton_113_214E2D_31May2023.csv,2021-10-31T00:00:00Z,1.8333333333333333,10,-4
ibutton_113_214E2D_31May2023.csv,2021-11-07T00:00:00Z,1.197674418604651,11,-8.5
ibutton_113_214E2D_31May2023.csv,2021-11-14T00:00:00Z,1.5833333333333333,12,-5.5
ibutton_113_214E2D_31May2023.csv,2021-11-21T00:00:00Z,2.5833333333333335,9.5,-7.5
ibutton_113_214E2D_31May2023.csv,2021-11-28T00:00:00Z,6.928571428571429,12,1.5
ibutton_113_214E2D_31May2023.csv,2021-12-05T00:00:00Z,-2.869047619047619,5,-11.5
ibutton_113_214E2D_31May2023.csv,2021-12-12T00:00:00Z,-6.666666666666667,1.5,-13.5
ibutton_113_214E2D_31May2023.csv,2021-12-19T00:00:00Z,-3.7857142857142856,1,-11.5
ibutton_113_214E2D_31May2023.csv,2021-12-26T00:00:00Z,-11.202380952380953,-7,-14.5
ibutton_113_214E2D_31May2023.csv,2022-01-02T00:00:00Z,-4.976190476190476,-0.5,-9.5
ibutton_113_214E2D_31May2023.csv,2022-01-09T00:00:00Z,0.5595238095238095,9,-7.5
ibutton_113_214E2D_31May2023.csv,2022-01-16T00:00:00Z,-0.47619047619047616,7.5,-5.5
ibutton_113_214E2D_31May2023.csv,2022-01-23T00:00:00Z,1.2023809523809523,6,-4.5
ibutton_113_214E2D_31May2023.csv,2022-01-30T00:00:00Z,-3.5833333333333335,4.5,-13.5
ibutton_113_214E2D_31May2023.csv,2022-02-06T00:00:00Z,4.464285714285714,8.5,0.5
ibutton_113_214E2D_31May2023.csv,2022-02-13T00:00:00Z,-1.3928571428571428,6.5,-11
ibutton_113_214E2D_31May2023.csv,2022-02-20T00:00:00Z,-9.047619047619047,3,-17
ibutton_113_214E2D_31May2023.csv,2022-02-27T00:00:00Z,-0.5357142857142857,8,-10.5
ibutton_113_214E2D_31May2023.csv,2022-03-06T00:00:00Z,-4.261904761904762,5,-14.5
ibutton_113_214E2D_31May2023.csv,2022-03-13T00:00:00Z,-1.853658536585366,5.5,-8
ibutton_113_214E2D_31May2023.csv,2022-03-20T00:00:00Z,3.6666666666666665,11.5,-12
ibutton_113_214E2D_31May2023.csv,2022-03-27T00:00:00Z,0.8690476190476191,9,-4.5
ibutton_113_214E2D_31May2023.csv,2022-04-03T00:00:00Z,2.2976190476190474,16,-9.5
ibutton_113_214E2D_31May2023.csv,2022-04-10T00:00:00Z,-6.488095238095238,-1,-13
ibutton_113_214E2D_31May2023.csv,2022-04-17T00:00:00Z,-2.9761904761904763,3.5,-7
ibutton_113_214E2D_31May2023.csv,2022-04-24T00:00:00Z,0.6547619047619048,7,-6.5
ibutton_113_214E2D_31May2023.csv,2022-05-01T00:00:00Z,1.0119047619047619,14.5,-7
ibutton_113_214E2D_31May2023.csv,2022-05-08T00:00:00Z,-3.4642857142857144,12.5,-11
ibutton_113_214E2D_31May2023.csv,2022-05-15T00:00:00Z,5.857142857142857,14,-8
ibutton_113_214E2D_31May2023.csv,2022-05-22T00:00:00Z,8.261904761904763,20.5,0.5
ibutton_113_214E2D_31May2023.csv,2022-05-29T00:00:00Z,4.642857142857143,16,-5.5
ibutton_113_214E2D_31May2023.csv,2022-06-05T00:00:00Z,10.5,19,2.5
ibutton_113_214E2D_31May2023.csv,2022-06-12T00:00:00Z,4.9523809523809526,19,-4
ibutton_113_214E2D_31May2023.csv,2022-06-19T00:00:00Z,11.630952380952381,22,-1
ibutton_113_214E2D_31May2023.csv,2022-06-26T00:00:00Z,14.892857142857142,23,8.5
ibutton_113_214E2D_31May2023.csv,2022-07-03T00:00:00Z,10.571428571428571,19.5,4
ibutton_113_214E2D_31May2023.csv,2022-07-10T00:00:00Z,17.523809523809526,25,10.5
ibutton_113_214E2D_31May2023.csv,2022-07-17T00:00:00Z,17.511904761904763,24.5,11.5
ibutton_113_214E2D_31May2023.csv,2022-07-24T00:00:00Z,21.714285714285715,27.5,16
ibutton_113_214E2D_31May2023.csv,2022-07-31T00:00:00Z,16.833333333333332,28,10.5
ibutton_113_214E2D_31May2023.csv,2022-08-07T00:00:00Z,15.964285714285714,25,9
ibutton_113_214E2D_31May2023.csv,2022-08-14T00:00:00Z,17.083333333333332,24.5,11
ibutton_113_214E2D_31May2023.csv,2022-08-21T00:00:00Z,16.69047619047619,25,10.5
ibutton_113_214E2D_31May2023.csv,2022-08-28T00:00:00Z,18.282608695652176,26.5,11
ibutton_114_2762A5_31May2023.csv,2021-09-19T00:00:00Z,16,19.5,12.5
ibutton_114_2762A5_31May2023.csv,2021-09-26T00:00:00Z,6.690476190476191,17.5,-5
ibutton_114_2762A5_31May2023.csv,2021-10-03T00:00:00Z,5.821428571428571,17.5,-2.5
ibutton_114_2762A5_31May2023.csv,2021-10-10T00:00:00Z,0.2261904761904762,14,-9.5
ibutton_114_2762A5_31May2023.csv,2021-10-17T00:00:00Z,0.7619047619047619,7,-4
ibutton_114_2762A5_31May2023.csv,2021-10-24T00:00:00Z,1.2023809523809523,9,-4
ibutton_114_2762A5_31May2023.csv,2021-10-31T00:00:00Z,1.2857142857142858,8.5,-4.5
ibutton_114_2762A5_31May2023.csv,2021-11-07T00:00:00Z,0.43023255813953487,10,-8.5
ibutton_114_2762A5_31May2023.csv,2021-11-14T00:00:00Z,1.0952380952380953,11,-5.5
ibutton_114_2762A5_31May2023.csv,2021-11-21T00:00:00Z,1.8928571428571428,7,-7
ibutton_114_2762A5_31May2023.csv,2021-11-28T00:00:00Z,6.476190476190476,11.5,1.5
ibutton_114_2762A5_31May2023.csv,2021-12-05T00:00:00Z,-3.261904761904762,4,-11.5
ibutton_114_2762A5_31May2023.csv,2021-12-12T00:00:00Z,-7.095238095238095,0,-13.5
ibutton_114_2762A5_31May2023.csv,2021-12-19T00:00:00Z,-4.2976190476190474,0.5,-11.5
ibutton_114_2762A5_31May2023.csv,2021-12-26T00:00:00Z,-11.416666666666666,-6,-24
ibutton_114_2762A5_31May2023.csv,2022-01-02T00:00:00Z,-5.0476190476190474,-1,-10
ibutton_114_2762A5_31May2023.csv,2022-01-09T00:00:00Z,-1.9404761904761905,5.5,-7.5
ibutton_114_2762A5_31May2023.csv,2022-01-16T00:00:00Z,-1.0357142857142858,5.5,-5
ibutton_114_2762A5_31May2023.csv,2022-01-23T00:00:00Z,0.6071428571428571,5,-4
ibutton_114_2762A5_31May2023.csv,2022-01-30T00:00:00Z,-3.5714285714285716,4,-12.5
ibutton_114_2762A5_31May2023.csv,2022-02-06T00:00:00Z,3.7857142857142856,8,0
ibutton_114_2762A5_31May2023.csv,2022-02-13T00:00:00Z,-1.8333333333333333,6.5,-11.5
ibutton_114_2762A5_31May2023.csv,2022-02-20T00:00:00Z,-9.714285714285714,1.5,-22.5
ibutton_114_2762A5_31May2023.csv,2022-02-27T00:00:00Z,-1.1785714285714286,6.5,-10.5
ibutton_114_2762A5_31May2023.csv,2022-03-06T00:00:00Z,-4.678571428571429,3.5,-14.5
ibutton_114_2762A5_31May2023.csv,2022-03-13T00:00:00Z,-2.5609756097560976,4,-8
ibutton_114_2762A5_31May2023.csv,2022-03-20T00:00:00Z,2.988095238095238,11,-11.5
ibutton_114_2762A5_31May2023.csv,2022-03-27T00:00:00Z,0.40476190476190477,7,-4.5
ibutton_114_2762A5_31May2023.csv,2022-04-03T00:00:00Z,1.2142857142857142,14,-9.5
ibutton_114_2762A5_31May2023.csv,2022-04-10T00:00:00Z,-6.845238095238095,-1.5,-13.5
ibutton_114_2762A5_31May2023.csv,2022-04-17T00:00:00Z,-3.869047619047619,2,-7
ibutton_114_2762A5_31May2023.csv,2022-04-24T00:00:00Z,-0.011904761904761904,5.5,-6.5
ibutton_114_2762A5_31May2023.csv,2022-05-01T00:00:00Z,0.5,12.5,-7
ibutton_114_2762A5_31May2023.csv,2022-05-08T00:00:00Z,-4.369047619047619,10.5,-11
ibutton_114_2762A5_31May2023.csv,2022-05-15T00:00:00Z,4.4523809523809526,12.5,-8
ibutton_114_2762A5_31May2023.csv,2022-05-22T00:00:00Z,6.666666666666667,17.5,0
ibutton_114_2762A5_31May2023.csv,2022-05-29T00:00:00Z,3.4642857142857144,14.5,-6
ibutton_114_2762A5_31May2023.csv,2022-06-05T00:00:00Z,9.607142857142858,18.5,1.5
ibutton_114_2762A5_31May2023.csv,2022-06-12T00:00:00Z,4.238095238095238,18,-4.5
ibutton_114_2762A5_31May2023.csv,2022-06-19T00:00:00Z,10.952380952380953,22,-1
ibutton_114_2762A5_31May2023.csv,2022-06-26T00:00:00Z,14.297619047619047,23,8
ibutton_114_2762A5_31May2023.csv,2022-07-03T00:00:00Z,10.011904761904763,19,4
ibutton_114_2762A5_31May2023.csv,2022-07-10T00:00:00Z,17.13095238095238,25.5,10
ibutton_114_2762A5_31May2023.csv,2022-07-17T00:00:00Z,17.142857142857142,24,11.5
ibutton_114_2762A5_31May2023.csv,2022-07-24T00:00:00Z,21.333333333333332,28,15.5
ibutton_114_2762A5_31May2023.csv,2022-07-31T00:00:00Z,16.55952380952381,26,10.5
ibutton_114_2762A5_31May2023.csv,2022-08-07T00:00:00Z,15.607142857142858,23.5,9
ibutton_114_2762A5_31May2023.csv,2022-08-14T00:00:00Z,16.785714285714285,24,11
ibutton_114_2762A5_31May2023.csv,2022-08-21T00:00:00Z,16.547619047619047,24.5,10.5
ibutton_114_2762A5_31May2023.csv,2022-08-28T00:00:00Z,17.782608695652176,25,11.5
ibutton_115_2E39E7_31May2023.csv,2021-09-19T00:00:00Z,15.25,19.5,11
ibutton_115_2E39E7_31May2023.csv,2021-09-26T00:00:00Z,6.261904761904762,18,-6
ibutton_115_2E39E7_31May2023.csv,2021-10-03T00:00:00Z,4.988095238095238,18,-3.5
ibutton_115_2E39E7_31May2023.csv,2021-10-10T00:00:00Z,-0.20238095238095238,14,-10.5
ibutton_115_2E39E7_31May2023.csv,2021-10-17T00:00:00Z,0.17857142857142858,5.5,-4
ibutton_115_2E39E7_31May2023.csv,2021-10-24T00:00:00Z,0.6428571428571429,7,-5
ibutton_115_2E39E7_31May2023.csv,2021-10-31T00:00:00Z,0.4642857142857143,8.5,-5.5
ibutton_115_2E39E7_31May2023.csv,2021-11-07T00:00:00Z,-0.03488372093023256,9.5,-10
ibutton_115_2E39E7_31May2023.csv,2021-11-14T00:00:00Z,0.32142857142857145,10.5,-6.5
ibutton_115_2E39E7_31May2023.csv,2021-11-21T00:00:00Z,1.6904761904761905,8.5,-8.5
ibutton_115_2E39E7_31May2023.csv,2021-11-28T00:00:00Z,5.630952380952381,11.5,0.5
ibutton_115_2E39E7_31May2023.csv,2021-12-05T00:00:00Z,-3.9285714285714284,4,-12.5
ibutton_115_2E39E7_31May2023.csv,2021-12-12T00:00:00Z,-7.583333333333333,0,-14
ibutton_115_2E39E7_31May2023.csv,2021-12-19T00:00:00Z,-4.773809523809524,0,-11
ibutton_115_2E39E7_31May2023.csv,2021-12-26T00:00:00Z,-11.392857142857142,-7.5,-14.5
ibutton_115_2E39E7_31May2023.csv,2022-01-02T00:00:00Z,-5.416666666666667,-1,-10
ibutton_115_2E39E7_31May2023.csv,2022-01-09T00:00:00Z,-1.8571428571428572,6.5,-7.5
ibutton_115_2E39E7_31May2023.csv,2022-01-16T00:00:00Z,-1.4166666666666667,7.5,-6.5
ibutton_115_2E39E7_31May2023.csv,2022-01-23T00:00:00Z,0.40476190476190477,6,-5
ibutton_115_2E39E7_31May2023.csv,2022-01-30T00:00:00Z,-3.7857142857142856,4.5,-14
ibutton_115_2E39E7_31May2023.csv,2022-02-06T00:00:00Z,3.4761904761904763,9,-1
ibutton_115_2E39E7_31May2023.csv,2022-02-13T00:00:00Z,-2.0357142857142856,7,-12
ibutton_115_2E39E7_31May2023.csv,2022-02-20T00:00:00Z,-9.416666666666666,2,-17.5
ibutton_115_2E39E7_31May2023.csv,2022-02-27T00:00:00Z,-1.5952380952380953,6,-11
ibutton_115_2E39E7_31May2023.csv,2022-03-06T00:00:00Z,-4.964285714285714,4.5,-16
ibutton_115_2E39E7_31May2023.csv,2022-03-13T00:00:00Z,-2.5121951219512195,4,-8.5
ibutton_115_2E39E7_31May2023.csv,2022-03-20T00:00:00Z,2.7261904761904763,11.5,-13
ibutton_115_2E39E7_31May2023.csv,2022-03-27T00:00:00Z,0.40476190476190477,7,-5.5
ibutton_115_2E39E7_31May2023.csv,2022-04-03T00:00:00Z,1.5357142857142858,15,-10
ibutton_115_2E39E7_31May2023.csv,2022-04-10T00:00:00Z,-6.940476190476191,0,-14
ibutton_115_2E39E7_31May2023.csv,2022-04-17T00:00:00Z,-3.4761904761904763,3,-7
ibutton_115_2E39E7_31May2023.csv,2022-04-24T00:00:00Z,0.011904761904761904,6.5,-8
ibutton_115_2E39E7_31May2023.csv,2022-05-01T00:00:00Z,0.40476190476190477,13.5,-7.5
ibutton_115_2E39E7_31May2023.csv,2022-05-08T00:00:00Z,-3.6547619047619047,10.5,-11.5
ibutton_115_2E39E7_31May2023.csv,2022-05-15T00:00:00Z,4.380952380952381,13.5,-9.5
ibutton_115_2E39E7_31May2023.csv,2022-05-22T00:00:00Z,6.607142857142857,18,-0.5
ibutton_115_2E39E7_31May2023.csv,2022-05-29T00:00:00Z,3.2261904761904763,15.5,-7.5
ibutton_115_2E39E7_31May2023.csv,2022-06-05T00:00:00Z,9.428571428571429,18.5,1
ibutton_115_2E39E7_31May2023.csv,2022-06-12T00:00:00Z,3.7976190476190474,17.5,-5
ibutton_115_2E39E7_31May2023.csv,2022-06-19T00:00:00Z,10.75,22.5,-2
ibutton_115_2E39E7_31May2023.csv,2022-06-26T00:00:00Z,14.095238095238095,23,6.5
ibutton_115_2E39E7_31May2023.csv,2022-07-03T00:00:00Z,9.821428571428571,18.5,3
ibutton_115_2E39E7_31May2023.csv,2022-07-10T00:00:00Z,17.011904761904763,25.5,9
ibutton_115_2E39E7_31May2023.csv,2022-07-17T00:00:00Z,16.892857142857142,24,10.5
ibutton_115_2E39E7_31May2023.csv,2022-07-24T00:00:00Z,21.083333333333332,28.5,13.5
ibutton_115_2E39E7_31May2023.csv,2022-07-31T00:00:00Z,16.55952380952381,28,9
ibutton_115_2E39E7_31May2023.csv,2022-08-07T00:00:00Z,15.035714285714286,22.5,9.5
ibutton_115_2E39E7_31May2023.csv,2022-08-14T00:00:00Z,16.321428571428573,24,9.5
ibutton_115_2E39E7_31May2023.csv,2022-08-21T00:00:00Z,16.023809523809526,24,9.5
ibutton_115_2E39E7_31May2023.csv,2022-08-28T00:00:00Z,17.391304347826086,26.5,10
ibutton_116_2E26B9_31May2023.csv,2021-09-19T00:00:00Z,15.5,19.5,11.5
ibutton_116_2E26B9_31May2023.csv,2021-09-26T00:00:00Z,4.964285714285714,17.5,-6.5
ibutton_116_2E26B9_31May2023.csv,2021-10-03T00:00:00Z,3.9761904761904763,17.5,-3.5
ibutton_116_2E26B9_31May2023.csv,2021-10-10T00:00:00Z,-1.0595238095238095,14,-11.5
ibutton_116_2E26B9_31May2023.csv,2021-10-17T00:00:00Z,-0.6309523809523809,4.5,-4.5
ibutton_116_2E26B9_31May2023.csv,2021-10-24T00:00:00Z,-0.03571428571428571,9.5,-5.5
ibutton_116_2E26B9_31May2023.csv,2021-10-31T00:00:00Z,-0.25,8,-6
ibutton_116_2E26B9_31May2023.csv,2021-11-07T00:00:00Z,-0.9767441860465116,10,-11.5
ibutton_116_2E26B9_31May2023.csv,2021-11-14T00:00:00Z,-0.6547619047619048,10,-7
ibutton_116_2E26B9_31May2023.csv,2021-11-21T00:00:00Z,0.6428571428571429,8,-10
ibutton_116_2E26B9_31May2023.csv,2021-11-28T00:00:00Z,4.357142857142857,11,-0.5
ibutton_116_2E26B9_31May2023.csv,2021-12-05T00:00:00Z,-4.916666666666667,3.5,-14
ibutton_116_2E26B9_31May2023.csv,2021-12-12T00:00:00Z,-8.5,0,-16
ibutton_116_2E26B9_31May2023.csv,2021-12-19T00:00:00Z,-5.892857142857143,-1,-13.5
ibutton_116_2E26B9_31May2023.csv,2021-12-26T00:00:00Z,-12.345238095238095,-6,-16.5
ibutton_116_2E26B9_31May2023.csv,2022-01-02T00:00:00Z,-6.476190476190476,-2,-11.5
ibutton_116_2E26B9_31May2023.csv,2022-01-09T00:00:00Z,-3.1666666666666665,5,-9
ibutton_116_2E26B9_31May2023.csv,2022-01-16T00:00:00Z,-3.7023809523809526,4.5,-8.5
ibutton_116_2E26B9_31May2023.csv,2022-01-23T00:00:00Z,-2.119047619047619,5.5,-8
ibutton_116_2E26B9_31May2023.csv,2022-01-30T00:00:00Z,-5.369047619047619,4,-13.5
ibutton_116_2E26B9_31May2023.csv,2022-02-06T00:00:00Z,1.75,8.5,-2
ibutton_116_2E26B9_31May2023.csv,2022-02-13T00:00:00Z,-3.5357142857142856,7,-13
ibutton_116_2E26B9_31May2023.csv,2022-02-20T00:00:00Z,-11.130952380952381,1.5,-18.5
ibutton_116_2E26B9_31May2023.csv,2022-02-27T00:00:00Z,-2.6904761904761907,6,-11.5
ibutton_116_2E26B9_31May2023.csv,2022-03-06T00:00:00Z,-5.964285714285714,4.5,-14.5
ibutton_116_2E26B9_31May2023.csv,2022-03-13T00:00:00Z,-3.817073170731707,4.5,-9
ibutton_116_2E26B9_31May2023.csv,2022-03-20T00:00:00Z,1.9642857142857142,11.5,-12.5
ibutton_116_2E26B9_31May2023.csv,2022-03-27T00:00:00Z,-0.9761904761904762,7,-7.5
ibutton_116_2E26B9_31May2023.csv,2022-04-03T00:00:00Z,-0.10714285714285714,15.5,-11
ibutton_116_2E26B9_31May2023.csv,2022-04-10T00:00:00Z,-7.964285714285714,-1.5,-15
ibutton_116_2E26B9_31May2023.csv,2022-04-17T00:00:00Z,-4.738095238095238,2,-11
ibutton_116_2E26B9_31May2023.csv,2022-04-24T00:00:00Z,-1.1666666666666667,6.5,-10
ibutton_116_2E26B9_31May2023.csv,2022-05-01T00:00:00Z,-0.5833333333333334,13,-8
ibutton_116_2E26B9_31May2023.csv,2022-05-08T00:00:00Z,-5.214285714285714,12,-13.5
ibutton_116_2E26B9_31May2023.csv,2022-05-15T00:00:00Z,3.107142857142857,14,-10.5
ibutton_116_2E26B9_31May2023.csv,2022-05-22T00:00:00Z,5.107142857142857,17,-2.5
ibutton_116_2E26B9_31May2023.csv,2022-05-29T00:00:00Z,1.9166666666666667,15.5,-8.5
ibutton_116_2E26B9_31May2023.csv,2022-06-05T00:00:00Z,7.880952380952381,17,0
ibutton_116_2E26B9_31May2023.csv,2022-06-12T00:00:00Z,2.7142857142857144,17.5,-6
ibutton_116_2E26B9_31May2023.csv,2022-06-19T00:00:00Z,9.333333333333334,22.5,-2.5
ibutton_116_2E26B9_31May2023.csv,2022-06-26T00:00:00Z,12.976190476190476,22.5,5
ibutton_116_2E26B9_31May2023.csv,2022-07-03T00:00:00Z,8.928571428571429,20,2
ibutton_116_2E26B9_31May2023.csv,2022-07-10T00:00:00Z,16.273809523809526,25.5,8
ibutton_116_2E26B9_31May2023.csv,2022-07-17T00:00:00Z,16.44047619047619,25.5,9.5
ibutton_116_2E26B9_31May2023.csv,2022-07-24T00:00:00Z,20.11904761904762,28.5,13
ibutton_116_2E26B9_31May2023.csv,2022-07-31T00:00:00Z,15.571428571428571,25.5,8.5
ibutton_116_2E26B9_31May2023.csv,2022-08-07T00:00:00Z,14.345238095238095,23,8
ibutton_116_2E26B9_31May2023.csv,2022-08-14T00:00:00Z,15.19047619047619,24,9
ibutton_116_2E26B9_31May2023.csv,2022-08-21T00:00:00Z,15.380952380952381,24,8.5
ibutton_116_2E26B9_31May2023.csv,2022-08-28T00:00:00Z,16.391304347826086,25,8.5
ibutton_117_31AB02_01Jun2023.csv,2021-09-19T00:00:00Z,13.75,17.5,10
ibutton_117_31AB02_01Jun2023.csv,2021-09-26T00:00:00Z,4.333333333333333,15.5,-7
ibutton_117_31AB02_01Jun2023.csv,2021-10-03T00:00:00Z,3.2142857142857144,15.5,-4
ibutton_117_31AB02_01Jun2023.csv,2021-10-10T00:00:00Z,-1.7857142857142858,11,-11.5
ibutton_117_31AB02_01Jun2023.csv,2021-10-17T00:00:00Z,-0.8452380952380952,3.5,-5.5
ibutton_117_31AB02_01Jun2023.csv,2021-10-24T00:00:00Z,-0.4523809523809524,6,-6
ibutton_117_31AB02_01Jun2023.csv,2021-10-31T00:00:00Z,-0.6428571428571429,6.5,-6.5
ibutton_117_31AB02_01Jun2023.csv,2021-11-07T00:00:00Z,-1.7325581395348837,8,-11.5
ibutton_117_31AB02_01Jun2023.csv,2021-11-14T00:00:00Z,-1.3095238095238095,8.5,-7.5
ibutton_117_31AB02_01Jun2023.csv,2021-11-21T00:00:00Z,-0.21428571428571427,6,-10.5
ibutton_117_31AB02_01Jun2023.csv,2021-11-28T00:00:00Z,3.5476190476190474,10.5,-1.5
ibutton_117_31AB02_01Jun2023.csv,2021-12-05T00:00:00Z,-5.4523809523809526,3,-14.5
ibutton_117_31AB02_01Jun2023.csv,2021-12-12T00:00:00Z,-8.416666666666666,0,-15.5
ibutton_117_31AB02_01Jun2023.csv,2021-12-19T00:00:00Z,-6.357142857142857,-1.5,-13.5
ibutton_117_31AB02_01Jun2023.csv,2021-12-26T00:00:00Z,-12.44047619047619,-6.5,-16.5
ibutton_117_31AB02_01Jun2023.csv,2022-01-02T00:00:00Z,-6.440476190476191,-2,-11.5
ibutton_117_31AB02_01Jun2023.csv,2022-01-09T00:00:00Z,-4.095238095238095,2.5,-9
ibutton_117_31AB02_01Jun2023.csv,2022-01-16T00:00:00Z,-3.9047619047619047,2.5,-9
ibutton_117_31AB02_01Jun2023.csv,2022-01-23T00:00:00Z,-2.4523809523809526,5.5,-7.5
ibutton_117_31AB02_01Jun2023.csv,2022-01-30T00:00:00Z,-5.678571428571429,2.5,-14
ibutton_117_31AB02_01Jun2023.csv,2022-02-06T00:00:00Z,1.1904761904761905,8.5,-3.5
ibutton_117_31AB02_01Jun2023.csv,2022-02-13T00:00:00Z,-4.214285714285714,5,-13.5
ibutton_117_31AB02_01Jun2023.csv,2022-02-20T00:00:00Z,-11.285714285714286,1,-18.5
ibutton_117_31AB02_01Jun2023.csv,2022-02-27T00:00:00Z,-3.0952380952380953,5.5,-12
ibutton_117_31AB02_01Jun2023.csv,2022-03-06T00:00:00Z,-6.464285714285714,5,-15
ibutton_117_31AB02_01Jun2023.csv,2022-03-13T00:00:00Z,-4.195121951219512,3.5,-9.5
ibutton_117_31AB02_01Jun2023.csv,2022-03-20T00:00:00Z,1.1785714285714286,9.5,-13.5
ibutton_117_31AB02_01Jun2023.csv,2022-03-27T00:00:00Z,-1.2857142857142858,6.5,-7.5
ibutton_117_31AB02_01Jun2023.csv,2022-04-03T00:00:00Z,-0.7380952380952381,14.5,-11
ibutton_117_31AB02_01Jun2023.csv,2022-04-10T00:00:00Z,-7.988095238095238,-3,-15.5
ibutton_117_31AB02_01Jun2023.csv,2022-04-17T00:00:00Z,-5.095238095238095,-3,-7
ibutton_117_31AB02_01Jun2023.csv,2022-04-24T00:00:00Z,-2.5833333333333335,-1,-5
ibutton_117_31AB02_01Jun2023.csv,2022-05-01T00:00:00Z,-1.8095238095238095,1.5,-6
ibutton_117_31AB02_01Jun2023.csv,2022-05-08T00:00:00Z,-4.321428571428571,0,-7
ibutton_117_31AB02_01Jun2023.csv,2022-05-15T00:00:00Z,1.0238095238095237,8.5,-10.5
ibutton_117_31AB02_01Jun2023.csv,2022-05-22T00:00:00Z,4.095238095238095,14,-2.5
ibutton_117_31AB02_01Jun2023.csv,2022-05-29T00:00:00Z,1.3452380952380953,12.5,-8.5
ibutton_117_31AB02_01Jun2023.csv,2022-06-05T00:00:00Z,7.035714285714286,15,-1.5
ibutton_117_31AB02_01Jun2023.csv,2022-06-12T00:00:00Z,2.238095238095238,15.5,-6
ibutton_117_31AB02_01Jun2023.csv,2022-06-19T00:00:00Z,8.523809523809524,21.5,-3.5
ibutton_117_31AB02_01Jun2023.csv,2022-06-26T00:00:00Z,12.107142857142858,22,4.5
ibutton_117_31AB02_01Jun2023.csv,2022-07-03T00:00:00Z,8.321428571428571,18,1.5
ibutton_117_31AB02_01Jun2023.csv,2022-07-10T00:00:00Z,15.797619047619047,24.5,7
ibutton_117_31AB02_01Jun2023.csv,2022-07-17T00:00:00Z,15.678571428571429,24,9
ibutton_117_31AB02_01Jun2023.csv,2022-07-24T00:00:00Z,19.452380952380953,28,12.5
ibutton_117_31AB02_01Jun2023.csv,2022-07-31T00:00:00Z,15.273809523809524,25,8
ibutton_117_31AB02_01Jun2023.csv,2022-08-07T00:00:00Z,13.666666666666666,22,7.5
ibutton_117_31AB02_01Jun2023.csv,2022-08-14T00:00:00Z,14.571428571428571,24.5,8.5
ibutton_117_31AB02_01Jun2023.csv,2022-08-21T00:00:00Z,14.595238095238095,23.5,8
ibutton_117_31AB02_01Jun2023.csv,2022-08-28T00:00:00Z,15.869565217391305,25,8.5
ibutton_118_22CE46_31May2023.csv,2021-09-19T00:00:00Z,11.75,15.5,8
ibutton_118_22CE46_31May2023.csv,2021-09-26T00:00:00Z,2.988095238095238,13.5,-8.5
ibutton_118_22CE46_31May2023.csv,2021-10-03T00:00:00Z,1.5,14,-5.5
ibutton_118_22CE46_31May2023.csv,2021-10-10T00:00:00Z,-3.642857142857143,8.5,-13.5
ibutton_118_22CE46_31May2023.csv,2021-10-17T00:00:00Z,-2.4761904761904763,2,-7
ibutton_118_22CE46_31May2023.csv,2021-10-24T00:00:00Z,-2.4523809523809526,2.5,-7.5
ibutton_118_22CE46_31May2023.csv,2021-10-31T00:00:00Z,-2.630952380952381,4.5,-8
ibutton_118_22CE46_31May2023.csv,2021-11-07T00:00:00Z,-3.383720930232558,5.5,-13
ibutton_118_22CE46_31May2023.csv,2021-11-14T00:00:00Z,-2.7976190476190474,6.5,-9
ibutton_118_22CE46_31May2023.csv,2021-11-21T00:00:00Z,-1.6428571428571428,5,-12.5
ibutton_118_22CE46_31May2023.csv,2021-11-28T00:00:00Z,2.392857142857143,8.5,-3
ibutton_118_22CE46_31May2023.csv,2021-12-05T00:00:00Z,-6.928571428571429,1.5,-16
ibutton_118_22CE46_31May2023.csv,2021-12-12T00:00:00Z,-10.357142857142858,-3,-17.5
ibutton_118_22CE46_31May2023.csv,2021-12-19T00:00:00Z,-8.261904761904763,-3.5,-15.5
ibutton_118_22CE46_31May2023.csv,2021-12-26T00:00:00Z,-14.297619047619047,-9,-18.5
ibutton_118_22CE46_31May2023.csv,2022-01-02T00:00:00Z,-8.273809523809524,-4,-13
ibutton_118_22CE46_31May2023.csv,2022-01-09T00:00:00Z,-7.071428571428571,-4,-10
ibutton_118_22CE46_31May2023.csv,2022-01-16T00:00:00Z,-6.5476190476190474,-2,-11
ibutton_118_22CE46_31May2023.csv,2022-01-23T00:00:00Z,-6.0476190476190474,-0.5,-10.5
ibutton_118_22CE46_31May2023.csv,2022-01-30T00:00:00Z,-8.166666666666666,-0.5,-16.5
ibutton_118_22CE46_31May2023.csv,2022-02-06T00:00:00Z,-1.2142857142857142,4,-5.5
ibutton_118_22CE46_31May2023.csv,2022-02-13T00:00:00Z,-6.178571428571429,1.5,-15
ibutton_118_22CE46_31May2023.csv,2022-02-20T00:00:00Z,-12.238095238095237,-6.5,-16.5
ibutton_118_22CE46_31May2023.csv,2022-02-27T00:00:00Z,-6.214285714285714,-2.5,-12
ibutton_118_22CE46_31May2023.csv,2022-03-06T00:00:00Z,-8.761904761904763,0.5,-14
ibutton_118_22CE46_31May2023.csv,2022-03-13T00:00:00Z,-6.2682926829268295,-1.5,-10.5
ibutton_118_22CE46_31May2023.csv,2022-03-20T00:00:00Z,-2.8095238095238093,3.5,-8
ibutton_118_22CE46_31May2023.csv,2022-03-27T00:00:00Z,-3.5714285714285716,2.5,-10
ibutton_118_22CE46_31May2023.csv,2022-04-03T00:00:00Z,-3.75,7,-12.5
ibutton_118_22CE46_31May2023.csv,2022-04-10T00:00:00Z,-9.369047619047619,-4,-15.5
ibutton_118_22CE46_31May2023.csv,2022-04-17T00:00:00Z,-6.059523809523809,-5.5,-6.5
ibutton_118_22CE46_31May2023.csv,2022-04-24T00:00:00Z,-4.678571428571429,-4,-5.5
ibutton_118_22CE46_31May2023.csv,2022-05-01T00:00:00Z,-2.5595238095238093,-1.5,-4
ibutton_118_22CE46_31May2023.csv,2022-05-08T00:00:00Z,-1.9404761904761905,-1.5,-3
ibutton_118_22CE46_31May2023.csv,2022-05-15T00:00:00Z,-1.119047619047619,-1,-2
ibutton_118_22CE46_31May2023.csv,2022-05-22T00:00:00Z,-0.9047619047619048,1,-1.5
ibutton_118_22CE46_31May2023.csv,2022-05-29T00:00:00Z,-0.9880952380952381,2.5,-3.5
ibutton_118_22CE46_31May2023.csv,2022-06-05T00:00:00Z,4,11,-3.5
ibutton_118_22CE46_31May2023.csv,2022-06-12T00:00:00Z,0.09523809523809523,12.5,-7.5
ibutton_118_22CE46_31May2023.csv,2022-06-19T00:00:00Z,6.416666666666667,18.5,-5
ibutton_118_22CE46_31May2023.csv,2022-06-26T00:00:00Z,10.214285714285714,18.5,4
ibutton_118_22CE46_31May2023.csv,2022-07-03T00:00:00Z,6.226190476190476,16.5,-0.5
ibutton_118_22CE46_31May2023.csv,2022-07-10T00:00:00Z,13.571428571428571,22.5,5.5
ibutton_118_22CE46_31May2023.csv,2022-07-17T00:00:00Z,13.416666666666666,22,7
ibutton_118_22CE46_31May2023.csv,2022-07-24T00:00:00Z,17.547619047619047,26,11
ibutton_118_22CE46_31May2023.csv,2022-07-31T00:00:00Z,13.107142857142858,25,6.5
ibutton_118_22CE46_31May2023.csv,2022-08-07T00:00:00Z,11.654761904761905,20.5,6
ibutton_118_22CE46_31May2023.csv,2022-08-14T00:00:00Z,12.785714285714286,21.5,6.5
ibutton_118_22CE46_31May2023.csv,2022-08-21T00:00:00Z,12.523809523809524,20.5,6.5
ibutton_118_22CE46_31May2023.csv,2022-08-28T00:00:00Z,13.891304347826088,22,7
ibutton_148_2E5AE3_01Jun2023.csv,2021-09-19T00:00:00Z,13,17,9
ibutton_148_2E5AE3_01Jun2023.csv,2021-09-26T00:00:00Z,3.857142857142857,15.5,-7.5
ibutton_148_2E5AE3_01Jun2023.csv,2021-10-03T00:00:00Z,2.4642857142857144,15.5,-5
ibutton_148_2E5AE3_01Jun2023.csv,2021-10-10T00:00:00Z,-2.9523809523809526,10.5,-12.5
ibutton_148_2E5AE3_01Jun2023.csv,2021-10-17T00:00:00Z,-1.8571428571428572,2.5,-6.5
ibutton_148_2E5AE3_01Jun2023.csv,2021-10-24T00:00:00Z,-1.3928571428571428,4,-6.5
ibutton_148_2E5AE3_01Jun2023.csv,2021-10-31T00:00:00Z,-1.7261904761904763,5,-7
ibutton_148_2E5AE3_01Jun2023.csv,2021-11-07T00:00:00Z,-2.5232558139534884,7,-12
ibutton_148_2E5AE3_01Jun2023.csv,2021-11-14T00:00:00Z,-2.119047619047619,7.5,-8
ibutton_148_2E5AE3_01Jun2023.csv,2021-11-21T00:00:00Z,-0.7261904761904762,7,-11.5
ibutton_148_2E5AE3_01Jun2023.csv,2021-11-28T00:00:00Z,2.880952380952381,10.5,-2.5
ibutton_148_2E5AE3_01Jun2023.csv,2021-12-05T00:00:00Z,-6.369047619047619,1.5,-15.5
ibutton_148_2E5AE3_01Jun2023.csv,2021-12-12T00:00:00Z,-9.238095238095237,-1.5,-17
ibutton_148_2E5AE3_01Jun2023.csv,2021-12-19T00:00:00Z,-7.214285714285714,-3,-14.5
ibutton_148_2E5AE3_01Jun2023.csv,2021-12-26T00:00:00Z,-13.845238095238095,-8.5,-17.5
ibutton_148_2E5AE3_01Jun2023.csv,2022-01-02T00:00:00Z,-7.4523809523809526,-3,-12.5
ibutton_148_2E5AE3_01Jun2023.csv,2022-01-09T00:00:00Z,-4.773809523809524,2,-9.5
ibutton_148_2E5AE3_01Jun2023.csv,2022-01-16T00:00:00Z,-4.273809523809524,2.5,-10
ibutton_148_2E5AE3_01Jun2023.csv,2022-01-23T00:00:00Z,-3.119047619047619,3,-9
ibutton_148_2E5AE3_01Jun2023.csv,2022-01-30T00:00:00Z,-6.892857142857143,1.5,-15.5
ibutton_148_2E5AE3_01Jun2023.csv,2022-02-06T00:00:00Z,0.23809523809523808,5.5,-4.5
ibutton_148_2E5AE3_01Jun2023.csv,2022-02-13T00:00:00Z,-5.035714285714286,3.5,-14.5
ibutton_148_2E5AE3_01Jun2023.csv,2022-02-20T00:00:00Z,-12.345238095238095,-1,-19.5
ibutton_148_2E5AE3_01Jun2023.csv,2022-02-27T00:00:00Z,-4.2976190476190474,3.5,-13
ibutton_148_2E5AE3_01Jun2023.csv,2022-03-06T00:00:00Z,-7.857142857142857,2.5,-17
ibutton_148_2E5AE3_01Jun2023.csv,2022-03-13T00:00:00Z,-5.439024390243903,1.5,-11
ibutton_148_2E5AE3_01Jun2023.csv,2022-03-20T00:00:00Z,-0.2261904761904762,8,-14
ibutton_148_2E5AE3_01Jun2023.csv,2022-03-27T00:00:00Z,-2.6666666666666665,5,-8.5
ibutton_148_2E5AE3_01Jun2023.csv,2022-04-03T00:00:00Z,-1.6547619047619047,13,-12.5
ibutton_148_2E5AE3_01Jun2023.csv,2022-04-10T00:00:00Z,-9.476190476190476,-2.5,-16.5
ibutton_148_2E5AE3_01Jun2023.csv,2022-04-17T00:00:00Z,-5.5476190476190474,-5,-6.5
ibutton_148_2E5AE3_01Jun2023.csv,2022-04-24T00:00:00Z,-3.369047619047619,-2.5,-5
ibutton_148_2E5AE3_01Jun2023.csv,2022-05-01T00:00:00Z,-1.5714285714285714,-1,-2
ibutton_148_2E5AE3_01Jun2023.csv,2022-05-08T00:00:00Z,-1.5595238095238095,-1,-2
ibutton_148_2E5AE3_01Jun2023.csv,2022-05-15T00:00:00Z,-1.7380952380952381,4.5,-11
ibutton_148_2E5AE3_01Jun2023.csv,2022-05-22T00:00:00Z,2.7142857142857144,14,-3.5
ibutton_148_2E5AE3_01Jun2023.csv,2022-05-29T00:00:00Z,-0.11904761904761904,10.5,-10.5
ibutton_148_2E5AE3_01Jun2023.csv,2022-06-05T00:00:00Z,5.666666666666667,13,-3
ibutton_148_2E5AE3_01Jun2023.csv,2022-06-12T00:00:00Z,1.1547619047619047,14.5,-7.5
ibutton_148_2E5AE3_01Jun2023.csv,2022-06-19T00:00:00Z,7.488095238095238,20.5,-4.5
ibutton_148_2E5AE3_01Jun2023.csv,2022-06-26T00:00:00Z,11.595238095238095,20.5,5
ibutton_148_2E5AE3_01Jun2023.csv,2022-07-03T00:00:00Z,7.642857142857143,18,0.5
ibutton_148_2E5AE3_01Jun2023.csv,2022-07-10T00:00:00Z,14.952380952380953,24.5,7
ibutton_148_2E5AE3_01Jun2023.csv,2022-07-17T00:00:00Z,14.607142857142858,22.5,8
ibutton_148_2E5AE3_01Jun2023.csv,2022-07-24T00:00:00Z,17.964285714285715,27,11
ibutton_148_2E5AE3_01Jun2023.csv,2022-07-31T00:00:00Z,14.011904761904763,23,7
ibutton_148_2E5AE3_01Jun2023.csv,2022-08-07T00:00:00Z,12.833333333333334,23,6.5
ibutton_148_2E5AE3_01Jun2023.csv,2022-08-14T00:00:00Z,13.857142857142858,23.5,7.5
ibutton_148_2E5AE3_01Jun2023.csv,2022-08-21T00:00:00Z,13.857142857142858,22.5,7
ibutton_148_2E5AE3_01Jun2023.csv,2022-08-28T00:00:00Z,15.065217391304348,23.5,7.5
ibutton_151_31B342_25May2023.csv,2021-09-19T00:00:00Z,17,21.5,12.5
ibutton_151_31B342_25May2023.csv,2021-09-26T00:00:00Z,8.202380952380953,20.5,-3.5
ibutton_151_31B342_25May2023.csv,2021-10-03T00:00:00Z,7.726190476190476,20,-0.5
ibutton_151_31B342_25May2023.csv,2021-10-10T00:00:00Z,1.7619047619047619,17,-7.5
ibutton_151_31B342_25May2023.csv,2021-10-17T00:00:00Z,2.6904761904761907,9,-1.5
ibutton_151_31B342_25May2023.csv,2021-10-24T00:00:00Z,2.5833333333333335,12,-2
ibutton_151_31B342_25May2023.csv,2021-10-31T00:00:00Z,3.238095238095238,12,-2
ibutton_151_31B342_25May2023.csv,2021-11-07T00:00:00Z,2.2093023255813953,13.5,-6.5
ibutton_151_31B342_25May2023.csv,2021-11-14T00:00:00Z,2.4642857142857144,14,-5.5
ibutton_151_31B342_25May2023.csv,2021-11-21T00:00:00Z,3.0595238095238093,10,-7.5
ibutton_151_31B342_25May2023.csv,2021-11-28T00:00:00Z,7.142857142857143,13,3
ibutton_151_31B342_25May2023.csv,2021-12-05T00:00:00Z,-1.3571428571428572,6.5,-8.5
ibutton_151_31B342_25May2023.csv,2021-12-12T00:00:00Z,-5.5,1.5,-12
ibutton_151_31B342_25May2023.csv,2021-12-19T00:00:00Z,-2.4047619047619047,3,-9.5
ibutton_151_31B342_25May2023.csv,2021-12-26T00:00:00Z,-9.5,-5,-14.5
ibutton_151_31B342_25May2023.csv,2022-01-02T00:00:00Z,-3.5357142857142856,0.5,-8
ibutton_151_31B342_25May2023.csv,2022-01-09T00:00:00Z,1.130952380952381,10,-7
ibutton_151_31B342_25May2023.csv,2022-01-16T00:00:00Z,0.14285714285714285,8,-4
ibutton_151_31B342_25May2023.csv,2022-01-23T00:00:00Z,1.9047619047619047,8,-3
ibutton_151_31B342_25May2023.csv,2022-01-30T00:00:00Z,-2.392857142857143,6.5,-11
ibutton_151_31B342_25May2023.csv,2022-02-06T00:00:00Z,4.678571428571429,10.5,1
ibutton_151_31B342_25May2023.csv,2022-02-13T00:00:00Z,-0.16666666666666666,10,-9
ibutton_151_31B342_25May2023.csv,2022-02-20T00:00:00Z,-7.2023809523809526,4,-15.5
ibutton_151_31B342_25May2023.csv,2022-02-27T00:00:00Z,0.8095238095238095,8.5,-7.5
ibutton_151_31B342_25May2023.csv,2022-03-06T00:00:00Z,-2.630952380952381,6.5,-12.5
ibutton_151_31B342_25May2023.csv,2022-03-13T00:00:00Z,-0.2682926829268293,7,-5
ibutton_151_31B342_25May2023.csv,2022-03-20T00:00:00Z,4.107142857142857,12.5,-10
ibutton_151_31B342_25May2023.csv,2022-03-27T00:00:00Z,2.4285714285714284,9.5,-4
ibutton_151_31B342_25May2023.csv,2022-04-03T00:00:00Z,3.261904761904762,17,-7
ibutton_151_31B342_25May2023.csv,2022-04-10T00:00:00Z,-4.333333333333333,2.5,-9.5
ibutton_151_31B342_25May2023.csv,2022-04-17T00:00:00Z,-1.0714285714285714,5.5,-5
ibutton_151_31B342_25May2023.csv,2022-04-24T00:00:00Z,2.0595238095238093,8.5,-6
ibutton_151_31B342_25May2023.csv,2022-05-01T00:00:00Z,2.5833333333333335,15,-6
ibutton_151_31B342_25May2023.csv,2022-05-08T00:00:00Z,-1.3333333333333333,12.5,-9
ibutton_151_31B342_25May2023.csv,2022-05-15T00:00:00Z,6.785714285714286,16,-5.5
ibutton_151_31B342_25May2023.csv,2022-05-22T00:00:00Z,8.761904761904763,20,1.5
ibutton_151_31B342_25May2023.csv,2022-05-29T00:00:00Z,5.690476190476191,16.5,-3.5
ibutton_151_31B342_25May2023.csv,2022-06-05T00:00:00Z,11.642857142857142,20.5,4
ibutton_151_31B342_25May2023.csv,2022-06-12T00:00:00Z,6.261904761904762,19.5,-2
ibutton_151_31B342_25May2023.csv,2022-06-19T00:00:00Z,12.452380952380953,23,-0.5
ibutton_151_31B342_25May2023.csv,2022-06-26T00:00:00Z,16.071428571428573,25.5,9
ibutton_151_31B342_25May2023.csv,2022-07-03T00:00:00Z,12.047619047619047,20.5,5.5
ibutton_151_31B342_25May2023.csv,2022-07-10T00:00:00Z,18.416666666666668,26.5,9.5
ibutton_151_31B342_25May2023.csv,2022-07-17T00:00:00Z,18.523809523809526,25.5,12
ibutton_151_31B342_25May2023.csv,2022-07-24T00:00:00Z,22.678571428571427,29.5,16
ibutton_151_31B342_25May2023.csv,2022-07-31T00:00:00Z,18.38095238095238,29,10.5
ibutton_151_31B342_25May2023.csv,2022-08-07T00:00:00Z,16.845238095238095,25,10
ibutton_151_31B342_25May2023.csv,2022-08-14T00:00:00Z,17.88095238095238,25.5,11
ibutton_151_31B342_25May2023.csv,2022-08-21T00:00:00Z,17.904761904761905,26,11.5
ibutton_151_31B342_25May2023.csv,2022-08-28T00:00:00Z,19.32608695652174,28,11.5
ibutton_152_2E377C_25May2023.csv,2021-09-19T00:00:00Z,16.75,21,12.5
ibutton_152_2E377C_25May2023.csv,2021-09-26T00:00:00Z,7.976190476190476,20.5,-5
ibutton_152_2E377C_25May2023.csv,2021-10-03T00:00:00Z,7.226190476190476,21,-1.5
ibutton_152_2E377C_25May2023.csv,2021-10-10T00:00:00Z,1.3928571428571428,16,-8.5
ibutton_152_2E377C_25May2023.csv,2021-10-17T00:00:00Z,2.0238095238095237,8.5,-3
ibutton_152_2E377C_25May2023.csv,2021-10-24T00:00:00Z,2.488095238095238,12.5,-3
ibutton_152_2E377C_25May2023.csv,2021-10-31T00:00:00Z,2.5238095238095237,11,-3.5
ibutton_152_2E377C_25May2023.csv,2021-11-07T00:00:00Z,1.8604651162790697,12.5,-8
ibutton_152_2E377C_25May2023.csv,2021-11-14T00:00:00Z,1.9761904761904763,13,-4.5
ibutton_152_2E377C_25May2023.csv,2021-11-21T00:00:00Z,2.892857142857143,10.5,-9
ibutton_152_2E377C_25May2023.csv,2021-11-28T00:00:00Z,7.226190476190476,12.5,2.5
ibutton_152_2E377C_25May2023.csv,2021-12-05T00:00:00Z,-2.25,6,-10
ibutton_152_2E377C_25May2023.csv,2021-12-12T00:00:00Z,-5.2976190476190474,4,-12.5
ibutton_152_2E377C_25May2023.csv,2021-12-19T00:00:00Z,-3.130952380952381,3,-10.5
ibutton_152_2E377C_25May2023.csv,2021-12-26T00:00:00Z,-9.523809523809524,-1,-16
ibutton_152_2E377C_25May2023.csv,2022-01-02T00:00:00Z,-3.9166666666666665,0.5,-8.5
ibutton_152_2E377C_25May2023.csv,2022-01-09T00:00:00Z,2.0833333333333335,11,-4
ibutton_152_2E377C_25May2023.csv,2022-01-16T00:00:00Z,-0.21428571428571427,8.5,-5.5
ibutton_152_2E377C_25May2023.csv,2022-01-23T00:00:00Z,1.9523809523809523,8,-3.5
ibutton_152_2E377C_25May2023.csv,2022-01-30T00:00:00Z,-2.6785714285714284,7,-13
ibutton_152_2E377C_25May2023.csv,2022-02-06T00:00:00Z,4.773809523809524,11,1
ibutton_152_2E377C_25May2023.csv,2022-02-13T00:00:00Z,-0.6428571428571429,9,-10.5
ibutton_152_2E377C_25May2023.csv,2022-02-20T00:00:00Z,-7.809523809523809,6,-15.5
ibutton_152_2E377C_25May2023.csv,2022-02-27T00:00:00Z,0.25,10,-9
ibutton_152_2E377C_25May2023.csv,2022-03-06T00:00:00Z,-3.25,9,-13
ibutton_152_2E377C_25May2023.csv,2022-03-13T00:00:00Z,-0.5487804878048781,8.5,-7
ibutton_152_2E377C_25May2023.csv,2022-03-20T00:00:00Z,4.416666666666667,14,-11.5
ibutton_152_2E377C_25May2023.csv,2022-03-27T00:00:00Z,2.107142857142857,9,-4
ibutton_152_2E377C_25May2023.csv,2022-04-03T00:00:00Z,2.9166666666666665,17.5,-8.5
ibutton_152_2E377C_25May2023.csv,2022-04-10T00:00:00Z,-5.261904761904762,2.5,-12
ibutton_152_2E377C_25May2023.csv,2022-04-17T00:00:00Z,-1.0833333333333333,9,-5.5
ibutton_152_2E377C_25May2023.csv,2022-04-24T00:00:00Z,2.25,12.5,-7
ibutton_152_2E377C_25May2023.csv,2022-05-01T00:00:00Z,2.119047619047619,17.5,-8
ibutton_152_2E377C_25May2023.csv,2022-05-08T00:00:00Z,-1.6904761904761905,13.5,-10
ibutton_152_2E377C_25May2023.csv,2022-05-15T00:00:00Z,7.178571428571429,16,-6.5
ibutton_152_2E377C_25May2023.csv,2022-05-22T00:00:00Z,9.428571428571429,22.5,1.5
ibutton_152_2E377C_25May2023.csv,2022-05-29T00:00:00Z,6.011904761904762,20.5,-5
ibutton_152_2E377C_25May2023.csv,2022-06-05T00:00:00Z,12.25,22.5,3
ibutton_152_2E377C_25May2023.csv,2022-06-12T00:00:00Z,6.285714285714286,21.5,-2.5
ibutton_152_2E377C_25May2023.csv,2022-06-19T00:00:00Z,13.321428571428571,25,-0.5
ibutton_152_2E377C_25May2023.csv,2022-06-26T00:00:00Z,17.226190476190474,28,9.5
ibutton_152_2E377C_25May2023.csv,2022-07-03T00:00:00Z,12.928571428571429,23,5.5
ibutton_152_2E377C_25May2023.csv,2022-07-10T00:00:00Z,19.892857142857142,28.5,10.5
ibutton_152_2E377C_25May2023.csv,2022-07-17T00:00:00Z,19.738095238095237,27.5,12
ibutton_152_2E377C_25May2023.csv,2022-07-24T00:00:00Z,23.154761904761905,32.5,15.5
ibutton_152_2E377C_25May2023.csv,2022-07-31T00:00:00Z,19.023809523809526,28.5,11
ibutton_152_2E377C_25May2023.csv,2022-08-07T00:00:00Z,17.416666666666668,28,11
ibutton_152_2E377C_25May2023.csv,2022-08-14T00:00:00Z,18.25,27.5,11.5
ibutton_152_2E377C_25May2023.csv,2022-08-21T00:00:00Z,18.095238095238095,27,11
ibutton_152_2E377C_25May2023.csv,2022-08-28T00:00:00Z,19.630434782608695,30,12
ibutton_153_2E163E_31May2023.csv,2021-09-19T00:00:00Z,15.25,19.5,11
ibutton_153_2E163E_31May2023.csv,2021-09-26T00:00:00Z,6.904761904761905,18,-5.5
ibutton_153_2E163E_31May2023.csv,2021-10-03T00:00:00Z,5.869047619047619,17.5,-2.5
ibutton_153_2E163E_31May2023.csv,2021-10-10T00:00:00Z,0.2261904761904762,14,-9.5
ibutton_153_2E163E_31May2023.csv,2021-10-17T00:00:00Z,0.9642857142857143,7.5,-4
ibutton_153_2E163E_31May2023.csv,2021-10-24T00:00:00Z,1.6547619047619047,10.5,-4
ibutton_153_2E163E_31May2023.csv,2021-10-31T00:00:00Z,1.5,9,-4
ibutton_153_2E163E_31May2023.csv,2021-11-07T00:00:00Z,0.5697674418604651,10.5,-8.5
ibutton_153_2E163E_31May2023.csv,2021-11-14T00:00:00Z,1.2857142857142858,11.5,-6.5
ibutton_153_2E163E_31May2023.csv,2021-11-21T00:00:00Z,2.107142857142857,9,-8.5
ibutton_153_2E163E_31May2023.csv,2021-11-28T00:00:00Z,6.428571428571429,13,1.5
ibutton_153_2E163E_31May2023.csv,2021-12-05T00:00:00Z,-3.0833333333333335,5.5,-11.5
ibutton_153_2E163E_31May2023.csv,2021-12-12T00:00:00Z,-6.761904761904762,1.5,-14
ibutton_153_2E163E_31May2023.csv,2021-12-19T00:00:00Z,-4.011904761904762,1,-11.5
ibutton_153_2E163E_31May2023.csv,2021-12-26T00:00:00Z,-11.178571428571429,-6,-15.5
ibutton_153_2E163E_31May2023.csv,2022-01-02T00:00:00Z,-4.904761904761905,-0.5,-9
ibutton_153_2E163E_31May2023.csv,2022-01-09T00:00:00Z,1.3928571428571428,10,-5
ibutton_153_2E163E_31May2023.csv,2022-01-16T00:00:00Z,-0.9047619047619048,8.5,-6.5
ibutton_153_2E163E_31May2023.csv,2022-01-23T00:00:00Z,1.3214285714285714,8,-3.5
ibutton_153_2E163E_31May2023.csv,2022-01-30T00:00:00Z,-3.3095238095238093,5,-12
ibutton_153_2E163E_31May2023.csv,2022-02-06T00:00:00Z,4.630952380952381,10,0.5
ibutton_153_2E163E_31May2023.csv,2022-02-13T00:00:00Z,-1.5,7.5,-11
ibutton_153_2E163E_31May2023.csv,2022-02-20T00:00:00Z,-9.452380952380953,2,-16.5
ibutton_153_2E163E_31May2023.csv,2022-02-27T00:00:00Z,-0.7976190476190477,7,-9.5
ibutton_153_2E163E_31May2023.csv,2022-03-06T00:00:00Z,-4.5,4.5,-12.5
ibutton_153_2E163E_31May2023.csv,2022-03-13T00:00:00Z,-2.1219512195121952,5,-7
ibutton_153_2E163E_31May2023.csv,2022-03-20T00:00:00Z,3.3333333333333335,11,-12
ibutton_153_2E163E_31May2023.csv,2022-03-27T00:00:00Z,0.5595238095238095,7,-5
ibutton_153_2E163E_31May2023.csv,2022-04-03T00:00:00Z,1.6428571428571428,15,-9.5
ibutton_153_2E163E_31May2023.csv,2022-04-10T00:00:00Z,-6.678571428571429,-1,-13.5
ibutton_153_2E163E_31May2023.csv,2022-04-17T00:00:00Z,-2.892857142857143,4,-7
ibutton_153_2E163E_31May2023.csv,2022-04-24T00:00:00Z,0.38095238095238093,6.5,-7.5
ibutton_153_2E163E_31May2023.csv,2022-05-01T00:00:00Z,0.7976190476190477,13,-7
ibutton_153_2E163E_31May2023.csv,2022-05-08T00:00:00Z,-3.619047619047619,10.5,-11.5
ibutton_153_2E163E_31May2023.csv,2022-05-15T00:00:00Z,5.190476190476191,13,-7.5
ibutton_153_2E163E_31May2023.csv,2022-05-22T00:00:00Z,7.214285714285714,17.5,-0.5
ibutton_153_2E163E_31May2023.csv,2022-05-29T00:00:00Z,4.357142857142857,14.5,-5.5
ibutton_153_2E163E_31May2023.csv,2022-06-05T00:00:00Z,10.25,18.5,2
ibutton_153_2E163E_31May2023.csv,2022-06-12T00:00:00Z,4.738095238095238,17.5,-4
ibutton_153_2E163E_31May2023.csv,2022-06-19T00:00:00Z,11.821428571428571,22,-1
ibutton_153_2E163E_31May2023.csv,2022-06-26T00:00:00Z,15.047619047619047,23.5,6.5
ibutton_153_2E163E_31May2023.csv,2022-07-03T00:00:00Z,10.392857142857142,20.5,3.5
ibutton_153_2E163E_31May2023.csv,2022-07-10T00:00:00Z,17.285714285714285,25,10
ibutton_153_2E163E_31May2023.csv,2022-07-17T00:00:00Z,17.023809523809526,23.5,10
ibutton_153_2E163E_31May2023.csv,2022-07-24T00:00:00Z,21.047619047619047,26.5,15.5
ibutton_153_2E163E_31May2023.csv,2022-07-31T00:00:00Z,16.5,26,9.5
ibutton_153_2E163E_31May2023.csv,2022-08-07T00:00:00Z,15.571428571428571,23.5,6.5
ibutton_153_2E163E_31May2023.csv,2022-08-14T00:00:00Z,16.428571428571427,24,10.5
ibutton_153_2E163E_31May2023.csv,2022-08-21T00:00:00Z,16.071428571428573,24,10
ibutton_153_2E163E_31May2023.csv,2022-08-28T00:00:00Z,17.608695652173914,24.5,9
ibutton_154_2366B4_31May2023.csv,2021-09-19T00:00:00Z,15,19,11
ibutton_154_2366B4_31May2023.csv,2021-09-26T00:00:00Z,6.559523809523809,18.5,-6
ibutton_154_2366B4_31May2023.csv,2021-10-03T00:00:00Z,5.416666666666667,18,-3
ibutton_154_2366B4_31May2023.csv,2021-10-10T00:00:00Z,-0.23809523809523808,12.5,-10
ibutton_154_2366B4_31May2023.csv,2021-10-17T00:00:00Z,0.6547619047619048,6,-4
ibutton_154_2366B4_31May2023.csv,2021-10-24T00:00:00Z,0.9285714285714286,8.5,-3.5
ibutton_154_2366B4_31May2023.csv,2021-10-31T00:00:00Z,1.0357142857142858,8.5,-4.5
ibutton_154_2366B4_31May2023.csv,2021-11-07T00:00:00Z,0.13953488372093023,9.5,-9
ibutton_154_2366B4_31May2023.csv,2021-11-14T00:00:00Z,0.5119047619047619,10.5,-7
ibutton_154_2366B4_31May2023.csv,2021-11-21T00:00:00Z,1.3928571428571428,8,-9
ibutton_154_2366B4_31May2023.csv,2021-11-28T00:00:00Z,5.535714285714286,11,1
ibutton_154_2366B4_31May2023.csv,2021-12-05T00:00:00Z,-3.5476190476190474,5,-11.5
ibutton_154_2366B4_31May2023.csv,2021-12-12T00:00:00Z,-7.476190476190476,1,-14
ibutton_154_2366B4_31May2023.csv,2021-12-19T00:00:00Z,-4.595238095238095,0.5,-12
ibutton_154_2366B4_31May2023.csv,2021-12-26T00:00:00Z,-11.285714285714286,-5.5,-15
ibutton_154_2366B4_31May2023.csv,2022-01-02T00:00:00Z,-5.345238095238095,-1,-10
ibutton_154_2366B4_31May2023.csv,2022-01-09T00:00:00Z,-0.42857142857142855,7,-6.5
ibutton_154_2366B4_31May2023.csv,2022-01-16T00:00:00Z,-1.6547619047619047,6.5,-6.5
ibutton_154_2366B4_31May2023.csv,2022-01-23T00:00:00Z,0.34523809523809523,7,-4
ibutton_154_2366B4_31May2023.csv,2022-01-30T00:00:00Z,-3.9285714285714284,4.5,-13
ibutton_154_2366B4_31May2023.csv,2022-02-06T00:00:00Z,3.511904761904762,8.5,-0.5
ibutton_154_2366B4_31May2023.csv,2022-02-13T00:00:00Z,-1.880952380952381,7,-11
ibutton_154_2366B4_31May2023.csv,2022-02-20T00:00:00Z,-9.833333333333334,2.5,-17
ibutton_154_2366B4_31May2023.csv,2022-02-27T00:00:00Z,-1.3333333333333333,6.5,-10
ibutton_154_2366B4_31May2023.csv,2022-03-06T00:00:00Z,-4.928571428571429,4,-13
ibutton_154_2366B4_31May2023.csv,2022-03-13T00:00:00Z,-2.524390243902439,5,-8
ibutton_154_2366B4_31May2023.csv,2022-03-20T00:00:00Z,2.7023809523809526,10.5,-12.5
ibutton_154_2366B4_31May2023.csv,2022-03-27T00:00:00Z,0.16666666666666666,7,-5.5
ibutton_154_2366B4_31May2023.csv,2022-04-03T00:00:00Z,1.1666666666666667,14,-9.5
ibutton_154_2366B4_31May2023.csv,2022-04-10T00:00:00Z,-6.690476190476191,0.5,-13.5
ibutton_154_2366B4_31May2023.csv,2022-04-17T00:00:00Z,-3.392857142857143,3,-8
ibutton_154_2366B4_31May2023.csv,2022-04-24T00:00:00Z,-0.011904761904761904,6,-7.5
ibutton_154_2366B4_31May2023.csv,2022-05-01T00:00:00Z,0.4642857142857143,12.5,-7.5
ibutton_154_2366B4_31May2023.csv,2022-05-08T00:00:00Z,-3.9047619047619047,10,-11.5
ibutton_154_2366B4_31May2023.csv,2022-05-15T00:00:00Z,4.0476190476190474,12.5,-8.5
ibutton_154_2366B4_31May2023.csv,2022-05-22T00:00:00Z,6.142857142857143,16.5,-1.5
ibutton_154_2366B4_31May2023.csv,2022-05-29T00:00:00Z,3.2738095238095237,14.5,-6
ibutton_154_2366B4_31May2023.csv,2022-06-05T00:00:00Z,9.511904761904763,19,0.5
ibutton_154_2366B4_31May2023.csv,2022-06-12T00:00:00Z,4.226190476190476,18.5,-4.5
ibutton_154_2366B4_31May2023.csv,2022-06-19T00:00:00Z,10.44047619047619,21,-2
ibutton_154_2366B4_31May2023.csv,2022-06-26T00:00:00Z,14.011904761904763,24,6.5
ibutton_154_2366B4_31May2023.csv,2022-07-03T00:00:00Z,9.928571428571429,19.5,3.5
ibutton_154_2366B4_31May2023.csv,2022-07-10T00:00:00Z,16.61904761904762,24.5,9.5
ibutton_154_2366B4_31May2023.csv,2022-07-17T00:00:00Z,16.63095238095238,24,10.5
ibutton_154_2366B4_31May2023.csv,2022-07-24T00:00:00Z,20.488095238095237,27,14.5
ibutton_154_2366B4_31May2023.csv,2022-07-31T00:00:00Z,16.333333333333332,26,9
ibutton_154_2366B4_31May2023.csv,2022-08-07T00:00:00Z,15.369047619047619,24.5,8
ibutton_154_2366B4_31May2023.csv,2022-08-14T00:00:00Z,16.178571428571427,24.5,10
ibutton_154_2366B4_31May2023.csv,2022-08-21T00:00:00Z,16.202380952380953,26,9.5
ibutton_154_2366B4_31May2023.csv,2022-08-28T00:00:00Z,17.456521739130434,25.5,9.5
ibutton_155_293196_01Jun2023.csv,2021-09-19T00:00:00Z,15.25,19,11.5
ibutton_155_293196_01Jun2023.csv,2021-09-26T00:00:00Z,6.0476190476190474,16.5,-6
ibutton_155_293196_01Jun2023.csv,2021-10-03T00:00:00Z,4.880952380952381,17,-3
ibutton_155_293196_01Jun2023.csv,2021-10-10T00:00:00Z,-0.5119047619047619,12.5,-10.5
ibutton_155_293196_01Jun2023.csv,2021-10-17T00:00:00Z,0.20238095238095238,5.5,-5
ibutton_155_293196_01Jun2023.csv,2021-10-24T00:00:00Z,0.8214285714285714,10,-4.5
ibutton_155_293196_01Jun2023.csv,2021-10-31T00:00:00Z,0.5476190476190477,8.5,-5
ibutton_155_293196_01Jun2023.csv,2021-11-07T00:00:00Z,-0.10465116279069768,9.5,-9.5
ibutton_155_293196_01Jun2023.csv,2021-11-14T00:00:00Z,0.21428571428571427,10,-6
ibutton_155_293196_01Jun2023.csv,2021-11-21T00:00:00Z,1.5952380952380953,8,-9
ibutton_155_293196_01Jun2023.csv,2021-11-28T00:00:00Z,5.619047619047619,11.5,0.5
ibutton_155_293196_01Jun2023.csv,2021-12-05T00:00:00Z,-3.9523809523809526,4,-12
ibutton_155_293196_01Jun2023.csv,2021-12-12T00:00:00Z,-7.428571428571429,0.5,-14
ibutton_155_293196_01Jun2023.csv,2021-12-19T00:00:00Z,-4.880952380952381,0,-12.5
ibutton_155_293196_01Jun2023.csv,2021-12-26T00:00:00Z,-11.869047619047619,-6.5,-15
ibutton_155_293196_01Jun2023.csv,2022-01-02T00:00:00Z,-5.607142857142857,-1.5,-10.5
ibutton_155_293196_01Jun2023.csv,2022-01-09T00:00:00Z,-0.44047619047619047,7.5,-5.5
ibutton_155_293196_01Jun2023.csv,2022-01-16T00:00:00Z,-1.6785714285714286,6.5,-7
ibutton_155_293196_01Jun2023.csv,2022-01-23T00:00:00Z,0.2261904761904762,6,-4.5
ibutton_155_293196_01Jun2023.csv,2022-01-30T00:00:00Z,-4.273809523809524,4,-12
ibutton_155_293196_01Jun2023.csv,2022-02-06T00:00:00Z,3.3333333333333335,8.5,-1
ibutton_155_293196_01Jun2023.csv,2022-02-13T00:00:00Z,-2.2857142857142856,6,-12
ibutton_155_293196_01Jun2023.csv,2022-02-20T00:00:00Z,-10.130952380952381,1.5,-17
ibutton_155_293196_01Jun2023.csv,2022-02-27T00:00:00Z,-1.869047619047619,5.5,-10.5
ibutton_155_293196_01Jun2023.csv,2022-03-06T00:00:00Z,-5.25,3,-12.5
ibutton_155_293196_01Jun2023.csv,2022-03-13T00:00:00Z,-3.207317073170732,3.5,-8
ibutton_155_293196_01Jun2023.csv,2022-03-20T00:00:00Z,2.4761904761904763,10,-12
ibutton_155_293196_01Jun2023.csv,2022-03-27T00:00:00Z,-0.23809523809523808,6.5,-5.5
ibutton_155_293196_01Jun2023.csv,2022-04-03T00:00:00Z,0.7619047619047619,13.5,-10.5
ibutton_155_293196_01Jun2023.csv,2022-04-10T00:00:00Z,-7.440476190476191,-1,-14
ibutton_155_293196_01Jun2023.csv,2022-04-17T00:00:00Z,-4.226190476190476,2,-8
ibutton_155_293196_01Jun2023.csv,2022-04-24T00:00:00Z,-0.6785714285714286,5.5,-7.5
ibutton_155_293196_01Jun2023.csv,2022-05-01T00:00:00Z,-0.08333333333333333,12,-7.5
ibutton_155_293196_01Jun2023.csv,2022-05-08T00:00:00Z,-4.857142857142857,9.5,-11.5
ibutton_155_293196_01Jun2023.csv,2022-05-15T00:00:00Z,3.619047619047619,11.5,-9
ibutton_155_293196_01Jun2023.csv,2022-05-22T00:00:00Z,5.916666666666667,17,-0.5
ibutton_155_293196_01Jun2023.csv,2022-05-29T00:00:00Z,2.5595238095238093,13,-7.5
ibutton_155_293196_01Jun2023.csv,2022-06-05T00:00:00Z,8.833333333333334,17.5,-0.5
ibutton_155_293196_01Jun2023.csv,2022-06-12T00:00:00Z,3.380952380952381,16.5,-4.5
ibutton_155_293196_01Jun2023.csv,2022-06-19T00:00:00Z,10.142857142857142,21,-2
ibutton_155_293196_01Jun2023.csv,2022-06-26T00:00:00Z,13.571428571428571,22.5,7
ibutton_155_293196_01Jun2023.csv,2022-07-03T00:00:00Z,9.238095238095237,18,3
ibutton_155_293196_01Jun2023.csv,2022-07-10T00:00:00Z,16.392857142857142,24.5,9.5
ibutton_155_293196_01Jun2023.csv,2022-07-17T00:00:00Z,16.416666666666668,23,11
ibutton_155_293196_01Jun2023.csv,2022-07-24T00:00:00Z,20.154761904761905,26.5,14.5
ibutton_155_293196_01Jun2023.csv,2022-07-31T00:00:00Z,15.928571428571429,25.5,9
ibutton_155_293196_01Jun2023.csv,2022-08-07T00:00:00Z,14.976190476190476,21.5,10
ibutton_155_293196_01Jun2023.csv,2022-08-14T00:00:00Z,15.976190476190476,23.5,10
ibutton_155_293196_01Jun2023.csv,2022-08-21T00:00:00Z,15.666666666666666,23.5,10
ibutton_155_293196_01Jun2023.csv,2022-08-28T00:00:00Z,17.08695652173913,24,10
ibutton_156_2E50A5_31May2023.csv,2021-09-19T00:00:00Z,14.75,18.5,11
ibutton_156_2E50A5_31May2023.csv,2021-09-26T00:00:00Z,5.166666666666667,16.5,-6
ibutton_156_2E50A5_31May2023.csv,2021-10-03T00:00:00Z,4.142857142857143,17,-3.5
ibutton_156_2E50A5_31May2023.csv,2021-10-10T00:00:00Z,-1.3571428571428572,11.5,-11
ibutton_156_2E50A5_31May2023.csv,2021-10-17T00:00:00Z,-0.38095238095238093,4.5,-5
ibutton_156_2E50A5_31May2023.csv,2021-10-24T00:00:00Z,-0.32142857142857145,5.5,-5.5
ibutton_156_2E50A5_31May2023.csv,2021-10-31T00:00:00Z,-0.07142857142857142,7.5,-5.5
ibutton_156_2E50A5_31May2023.csv,2021-11-07T00:00:00Z,-1.0813953488372092,8.5,-10.5
ibutton_156_2E50A5_31May2023.csv,2021-11-14T00:00:00Z,-0.6666666666666666,8.5,-7.5
ibutton_156_2E50A5_31May2023.csv,2021-11-21T00:00:00Z,0.6071428571428571,6.5,-9
ibutton_156_2E50A5_31May2023.csv,2021-11-28T00:00:00Z,4.5,10.5,-0.5
ibutton_156_2E50A5_31May2023.csv,2021-12-05T00:00:00Z,-4.773809523809524,3,-13.5
ibutton_156_2E50A5_31May2023.csv,2021-12-12T00:00:00Z,-8.297619047619047,0,-15
ibutton_156_2E50A5_31May2023.csv,2021-12-19T00:00:00Z,-5.666666666666667,-1,-13
ibutton_156_2E50A5_31May2023.csv,2021-12-26T00:00:00Z,-12.392857142857142,-4,-16.5
ibutton_156_2E50A5_31May2023.csv,2022-01-02T00:00:00Z,-6.059523809523809,-1,-11
ibutton_156_2E50A5_31May2023.csv,2022-01-09T00:00:00Z,-2.0357142857142856,5.5,-7
ibutton_156_2E50A5_31May2023.csv,2022-01-16T00:00:00Z,-2.5952380952380953,5.5,-8
ibutton_156_2E50A5_31May2023.csv,2022-01-23T00:00:00Z,-1.0595238095238095,5.5,-6
ibutton_156_2E50A5_31May2023.csv,2022-01-30T00:00:00Z,-5.059523809523809,4,-13
ibutton_156_2E50A5_31May2023.csv,2022-02-06T00:00:00Z,2.3095238095238093,8.5,-2
ibutton_156_2E50A5_31May2023.csv,2022-02-13T00:00:00Z,-3.1904761904761907,5,-12.5
ibutton_156_2E50A5_31May2023.csv,2022-02-20T00:00:00Z,-10.845238095238095,1,-18
ibutton_156_2E50A5_31May2023.csv,2022-02-27T00:00:00Z,-2.4761904761904763,5.5,-11.5
ibutton_156_2E50A5_31May2023.csv,2022-03-06T00:00:00Z,-5.9523809523809526,3,-14.5
ibutton_156_2E50A5_31May2023.csv,2022-03-13T00:00:00Z,-3.8048780487804876,3.5,-9.5
ibutton_156_2E50A5_31May2023.csv,2022-03-20T00:00:00Z,1.630952380952381,9,-13
ibutton_156_2E50A5_31May2023.csv,2022-03-27T00:00:00Z,-0.8690476190476191,6,-6
ibutton_156_2E50A5_31May2023.csv,2022-04-03T00:00:00Z,-0.16666666666666666,13.5,-11
ibutton_156_2E50A5_31May2023.csv,2022-04-10T00:00:00Z,-7.9523809523809526,-2.5,-15
ibutton_156_2E50A5_31May2023.csv,2022-04-17T00:00:00Z,-4.773809523809524,1.5,-9
ibutton_156_2E50A5_31May2023.csv,2022-04-24T00:00:00Z,-1.2857142857142858,5,-8.5
ibutton_156_2E50A5_31May2023.csv,2022-05-01T00:00:00Z,-0.6428571428571429,12.5,-8
ibutton_156_2E50A5_31May2023.csv,2022-05-08T00:00:00Z,-5.4523809523809526,8,-12.5
ibutton_156_2E50A5_31May2023.csv,2022-05-15T00:00:00Z,2.7857142857142856,11,-9.5
ibutton_156_2E50A5_31May2023.csv,2022-05-22T00:00:00Z,4.964285714285714,14.5,-1.5
ibutton_156_2E50A5_31May2023.csv,2022-05-29T00:00:00Z,1.6904761904761905,13,-8.5
ibutton_156_2E50A5_31May2023.csv,2022-06-05T00:00:00Z,7.809523809523809,16,-1.5
ibutton_156_2E50A5_31May2023.csv,2022-06-12T00:00:00Z,2.988095238095238,18,-5.5
ibutton_156_2E50A5_31May2023.csv,2022-06-19T00:00:00Z,9.69047619047619,22.5,-2.5
ibutton_156_2E50A5_31May2023.csv,2022-06-26T00:00:00Z,13.333333333333334,24,6.5
ibutton_156_2E50A5_31May2023.csv,2022-07-03T00:00:00Z,9.095238095238095,20.5,2
ibutton_156_2E50A5_31May2023.csv,2022-07-10T00:00:00Z,16.392857142857142,25.5,8.5
ibutton_156_2E50A5_31May2023.csv,2022-07-17T00:00:00Z,16.273809523809526,24.5,9.5
ibutton_156_2E50A5_31May2023.csv,2022-07-24T00:00:00Z,20.011904761904763,27,13.5
ibutton_156_2E50A5_31May2023.csv,2022-07-31T00:00:00Z,15.476190476190476,25,8.5
ibutton_156_2E50A5_31May2023.csv,2022-08-07T00:00:00Z,14.452380952380953,22.5,8.5
ibutton_156_2E50A5_31May2023.csv,2022-08-14T00:00:00Z,15.369047619047619,25,9
ibutton_156_2E50A5_31May2023.csv,2022-08-21T00:00:00Z,15.285714285714286,23,9
ibutton_156_2E50A5_31May2023.csv,2022-08-28T00:00:00Z,16.695652173913043,25,9
ibutton_157_2E2393_31May2023.csv,2021-09-19T00:00:00Z,13.75,18.5,9
ibutton_157_2E2393_31May2023.csv,2021-09-26T00:00:00Z,4.273809523809524,16.5,-7.5
ibutton_157_2E2393_31May2023.csv,2021-10-03T00:00:00Z,3.2023809523809526,17,-4.5
ibutton_157_2E2393_31May2023.csv,2021-10-10T00:00:00Z,-2.238095238095238,11.5,-12
ibutton_157_2E2393_31May2023.csv,2021-10-17T00:00:00Z,-1.0119047619047619,3.5,-5.5
ibutton_157_2E2393_31May2023.csv,2021-10-24T00:00:00Z,-0.5476190476190477,6,-6
ibutton_157_2E2393_31May2023.csv,2021-10-31T00:00:00Z,-0.8809523809523809,7.5,-6
ibutton_157_2E2393_31May2023.csv,2021-11-07T00:00:00Z,-1.6627906976744187,8,-11.5
ibutton_157_2E2393_31May2023.csv,2021-11-14T00:00:00Z,-1.3095238095238095,8.5,-7
ibutton_157_2E2393_31May2023.csv,2021-11-21T00:00:00Z,-0.19047619047619047,7.5,-10.5
ibutton_157_2E2393_31May2023.csv,2021-11-28T00:00:00Z,3.380952380952381,10.5,-2
ibutton_157_2E2393_31May2023.csv,2021-12-05T00:00:00Z,-5.4523809523809526,3.5,-15
ibutton_157_2E2393_31May2023.csv,2021-12-12T00:00:00Z,-8.642857142857142,0.5,-16
ibutton_157_2E2393_31May2023.csv,2021-12-19T00:00:00Z,-6.464285714285714,-1.5,-14
ibutton_157_2E2393_31May2023.csv,2021-12-26T00:00:00Z,-12.642857142857142,-3.5,-17
ibutton_157_2E2393_31May2023.csv,2022-01-02T00:00:00Z,-6.869047619047619,-2,-12
ibutton_157_2E2393_31May2023.csv,2022-01-09T00:00:00Z,-4.059523809523809,4,-9
ibutton_157_2E2393_31May2023.csv,2022-01-16T00:00:00Z,-3.761904761904762,4,-9
ibutton_157_2E2393_31May2023.csv,2022-01-23T00:00:00Z,-2.3333333333333335,4.5,-8.5
ibutton_157_2E2393_31May2023.csv,2022-01-30T00:00:00Z,-5.976190476190476,3,-14.5
ibutton_157_2E2393_31May2023.csv,2022-02-06T00:00:00Z,1.4642857142857142,8,-4.5
ibutton_157_2E2393_31May2023.csv,2022-02-13T00:00:00Z,-4.142857142857143,5,-13.5
ibutton_157_2E2393_31May2023.csv,2022-02-20T00:00:00Z,-11.404761904761905,1,-19
ibutton_157_2E2393_31May2023.csv,2022-02-27T00:00:00Z,-3.261904761904762,5.5,-12
ibutton_157_2E2393_31May2023.csv,2022-03-06T00:00:00Z,-6.630952380952381,5,-16
ibutton_157_2E2393_31May2023.csv,2022-03-13T00:00:00Z,-4.524390243902439,4,-10
ibutton_157_2E2393_31May2023.csv,2022-03-20T00:00:00Z,0.9047619047619048,10,-13.5
ibutton_157_2E2393_31May2023.csv,2022-03-27T00:00:00Z,-1.5119047619047619,6,-7
ibutton_157_2E2393_31May2023.csv,2022-04-03T00:00:00Z,-0.6428571428571429,14,-11.5
ibutton_157_2E2393_31May2023.csv,2022-04-10T00:00:00Z,-8.261904761904763,-1.5,-15.5
ibutton_157_2E2393_31May2023.csv,2022-04-17T00:00:00Z,-5.261904761904762,0.5,-9.5
ibutton_157_2E2393_31May2023.csv,2022-04-24T00:00:00Z,-2.7142857142857144,3,-7.5
ibutton_157_2E2393_31May2023.csv,2022-05-01T00:00:00Z,-2.107142857142857,6.5,-7.5
ibutton_157_2E2393_31May2023.csv,2022-05-08T00:00:00Z,-4.9523809523809526,6,-11.5
ibutton_157_2E2393_31May2023.csv,2022-05-15T00:00:00Z,1.5595238095238095,9,-10.5
ibutton_157_2E2393_31May2023.csv,2022-05-22T00:00:00Z,4.107142857142857,13.5,-2.5
ibutton_157_2E2393_31May2023.csv,2022-05-29T00:00:00Z,1.1071428571428572,12,-8.5
ibutton_157_2E2393_31May2023.csv,2022-06-05T00:00:00Z,7.071428571428571,16,-2
ibutton_157_2E2393_31May2023.csv,2022-06-12T00:00:00Z,2.2738095238095237,17,-6.5
ibutton_157_2E2393_31May2023.csv,2022-06-19T00:00:00Z,8.785714285714286,22,-3.5
ibutton_157_2E2393_31May2023.csv,2022-06-26T00:00:00Z,12.261904761904763,22,5.5
ibutton_157_2E2393_31May2023.csv,2022-07-03T00:00:00Z,8.25,18.5,1.5
ibutton_157_2E2393_31May2023.csv,2022-07-10T00:00:00Z,15.416666666666666,26,6.5
ibutton_157_2E2393_31May2023.csv,2022-07-17T00:00:00Z,15.357142857142858,23.5,8.5
ibutton_157_2E2393_31May2023.csv,2022-07-24T00:00:00Z,19.071428571428573,28.5,12.5
ibutton_157_2E2393_31May2023.csv,2022-07-31T00:00:00Z,14.904761904761905,25,7.5
ibutton_157_2E2393_31May2023.csv,2022-08-07T00:00:00Z,13.630952380952381,24,7.5
ibutton_157_2E2393_31May2023.csv,2022-08-14T00:00:00Z,14.5,24,8
ibutton_157_2E2393_31May2023.csv,2022-08-21T00:00:00Z,14.273809523809524,23.5,7.5
ibutton_157_2E2393_31May2023.csv,2022-08-28T00:00:00Z,15.630434782608695,25,7.5
